{
  "model_name": "reel_traffic_mobile",
  "input_shape": [
    1,
    30
  ],
  "output_shape": [
    1,
    3
  ],
  "feature_names": [
    "packet_size_mean",
    "packet_size_std",
    "packet_size_entropy",
    "inter_arrival_mean",
    "inter_arrival_std",
    "inter_arrival_entropy",
    "burstiness",
    "flow_duration",
    "flow_churn_rate",
    "tcp_handshake_time",
    "quic_handshake_time",
    "rtt_mean",
    "rtt_std",
    "bitrate_mean",
    "bitrate_variance",
    "bitrate_entropy",
    "session_duration",
    "data_volume",
    "packet_count",
    "tcp_ratio",
    "udp_ratio",
    "http_ratio",
    "https_ratio",
    "temporal_burst_pattern",
    "flow_level_entropy",
    "congestion_window_size",
    "retransmission_rate",
    "jitter_mean",
    "jitter_std",
    "packet_loss_rate"
  ],
  "class_names": [
    "Non-Reel",
    "Reel",
    "Unknown"
  ],
  "scaler_mean": [
    911.3982986337938,
    295.1702806325882,
    44.96298324993045,
    182.90875258809194,
    71.43215978158369,
    46.23481331857488,
    47.37844229042953,
    129.48859633464537,
    46.02163585463822,
    240.0314374822009,
    130.17981007838063,
    153.90982312583614,
    66.44865281027553,
    490970.0731199593,
    141422.4014280751,
    47.54220803771751,
    136.76225152176826,
    2126911.8384328396,
    320.40815412909274,
    46.49685497195631,
    47.293236693750124,
    45.13609630966893,
    45.261121317535284,
    45.47582882994378,
    44.999882454290784,
    14496.671342571246,
    45.69375547735404,
    58.090647626111334,
    51.777992828238155,
    43.92159508451123
  ],
  "scaler_scale": [
    517.5663667819774,
    146.02089529224867,
    165.14873778309476,
    200.41514544822522,
    163.60677778095857,
    168.9494277915756,
    164.4026815935156,
    166.7663230517622,
    168.68872629166904,
    168.43477158460794,
    157.5384131494392,
    158.13590220244998,
    167.58646403658054,
    614591.848730823,
    152451.9334268134,
    171.96580885352918,
    166.74843177196973,
    3011373.794832788,
    310.39538697714937,
    167.81064054113799,
    172.36309837183185,
    165.28606463464774,
    166.27753524180147,
    166.57330062372233,
    165.5456183149246,
    14353.985019728894,
    167.43648483450377,
    169.55473790827568,
    169.58342821780346,
    164.51107145975791
  ],
  "scaler_var": [
    267874.94402389636,
    21322.101861949846,
    27274.10559134939,
    40166.230525033265,
    26767.177735867954,
    28543.90915110082,
    27028.241715138876,
    27811.006504204717,
    28455.886377905637,
    28370.27227875905,
    24818.3516176434,
    25006.963565382823,
    28085.222928284104,
    377723140526.3709,
    23241592005.573547,
    29572.239414648535,
    27805.039498411246,
    9068372132205.625,
    96345.2962566943,
    28160.41107882702,
    29709.03768033778,
    27319.48316240895,
    27648.21872608853,
    27746.66448068097,
    27405.351743270705,
    206036885.94660148,
    28034.976453735017,
    28748.80914714406,
    28758.5391261029,
    27063.89263283758
  ],
  "created_at": "2025-08-27T21:51:21.911477",
  "version": "1.0.0"
}