{
  "model_name": "reel_traffic_advanced",
  "input_shape": [
    1,
    30
  ],
  "output_shape": [
    1,
    3
  ],
  "feature_names": [
    "packet_size_mean",
    "packet_size_std",
    "packet_size_entropy",
    "inter_arrival_mean",
    "inter_arrival_std",
    "inter_arrival_entropy",
    "burstiness",
    "flow_duration",
    "flow_churn_rate",
    "tcp_handshake_time",
    "quic_handshake_time",
    "rtt_mean",
    "rtt_std",
    "bitrate_mean",
    "bitrate_variance",
    "bitrate_entropy",
    "session_duration",
    "data_volume",
    "packet_count",
    "tcp_ratio",
    "udp_ratio",
    "http_ratio",
    "https_ratio",
    "temporal_burst_pattern",
    "flow_level_entropy",
    "congestion_window_size",
    "retransmission_rate",
    "jitter_mean",
    "jitter_std",
    "packet_loss_rate"
  ],
  "class_names": [
    "Non-Reel",
    "Reel",
    "Unknown"
  ],
  "scaler_mean": [
    903.2256734531949,
    295.18095114502285,
    47.80306245236761,
    178.81594708809737,
    73.74742652412834,
    46.980017153487076,
    47.88790007806965,
    127.0098187790619,
    46.29310475681679,
    239.51398572731824,
    130.76850548059267,
    156.56013226711687,
    66.02196379179821,
    489810.5294397453,
    138597.72181904936,
    45.011127650044635,
    133.32869975471706,
    2038944.2989615607,
    319.7419942913525,
    47.07421699455132,
    46.76099191527982,
    47.01879647530526,
    45.48054052415171,
    46.56939445043398,
    46.59154298150085,
    14100.340065202563,
    47.24051035187954,
    58.68133902046362,
    52.38768538166159,
    46.456999307010584
  ],
  "scaler_scale": [
    518.4230645893892,
    148.84031869976786,
    171.34754264211466,
    194.75926653744335,
    166.29275139494285,
    170.1245066169907,
    166.29288840582961,
    167.25635159843313,
    168.1694767711064,
    168.39524960445607,
    155.79724149363477,
    163.50460450673555,
    165.43532509122656,
    617352.5178994783,
    150918.8764867336,
    165.02889947046964,
    165.44645658840292,
    2921177.102599898,
    312.1091791407214,
    169.4210353879166,
    170.51640173805941,
    171.2658919712651,
    165.3788653611703,
    167.79456559578003,
    169.6236640728087,
    14040.040886857312,
    171.59911147721576,
    169.54103588091084,
    169.7973078294657,
    169.46718874112906
  ],
  "scaler_var": [
    268762.47389825404,
    22153.440470648467,
    29359.9803694913,
    37931.17190220291,
    27653.279166500273,
    28942.347751674508,
    27653.324734353704,
    27974.687150018686,
    28280.97291746769,
    28356.960089347063,
    24272.78045702595,
    26733.755694904008,
    27368.846788039817,
    381124131356.82574,
    22776507280.017952,
    27234.537660434376,
    27372.529997658297,
    8533275664753.936,
    97412.1397038949,
    28703.48723191368,
    29075.84326169527,
    29332.00575271304,
    27350.1691081481,
    28155.016243476526,
    28772.187413485055,
    197122748.10462505,
    29446.25505976992,
    28744.1628475723,
    28831.12574613433,
    28719.128059821458
  ],
  "created_at": "2025-08-27T21:51:59.507412",
  "version": "1.0.0"
}